{"validation_loss": 4.5459771156311035, "bleu": 7.11155755395299}