{"validation_loss": 4.536020278930664, "bleu": 7.453326673385565}