{"validation_loss": 4.067728519439697, "bleu": 8.685327556150506}